-- phpMyAdmin SQL Dump
-- version 5.2.0
-- https://www.phpmyadmin.net/
--
-- 主機： 127.0.0.1
-- 產生時間： 2023-02-16 16:37:47
-- 伺服器版本： 10.4.25-MariaDB
-- PHP 版本： 7.4.30

SET SQL_MODE = "NO_AUTO_VALUE_ON_ZERO";
START TRANSACTION;
SET time_zone = "+00:00";


/*!40101 SET @OLD_CHARACTER_SET_CLIENT=@@CHARACTER_SET_CLIENT */;
/*!40101 SET @OLD_CHARACTER_SET_RESULTS=@@CHARACTER_SET_RESULTS */;
/*!40101 SET @OLD_COLLATION_CONNECTION=@@COLLATION_CONNECTION */;
/*!40101 SET NAMES utf8mb4 */;

--
-- 資料庫： `housetune_db`
--

-- --------------------------------------------------------

--
-- 資料表結構 `cart`
--

CREATE TABLE `cart` (
  `cart_id` int(6) UNSIGNED NOT NULL,
  `product_id` int(6) NOT NULL,
  `user_id` int(6) NOT NULL
) ENGINE=InnoDB DEFAULT CHARSET=utf8mb4;

-- --------------------------------------------------------

--
-- 資料表結構 `cart_used`
--

CREATE TABLE `cart_used` (
  `cart_used_id` int(6) UNSIGNED NOT NULL,
  `used_product_id` int(6) NOT NULL,
  `user_id` int(6) NOT NULL
) ENGINE=InnoDB DEFAULT CHARSET=utf8mb4;

-- --------------------------------------------------------

--
-- 資料表結構 `category_product`
--

CREATE TABLE `category_product` (
  `id` int(3) UNSIGNED NOT NULL,
  `name` varchar(50) COLLATE utf8mb4_unicode_ci NOT NULL
) ENGINE=InnoDB DEFAULT CHARSET=utf8mb4 COLLATE=utf8mb4_unicode_ci;

--
-- 傾印資料表的資料 `category_product`
--

INSERT INTO `category_product` (`id`, `name`) VALUES
(1, 'Sofa'),
(2, 'Chair'),
(3, 'Table'),
(4, 'Storage'),
(5, 'Bed'),
(6, 'Lighting'),
(7, 'Textile'),
(8, 'Decor'),
(9, 'Kitchenware'),
(10, 'Bathroomset');

-- --------------------------------------------------------

--
-- 資料表結構 `category_room`
--

CREATE TABLE `category_room` (
  `id` int(3) UNSIGNED NOT NULL,
  `name` varchar(50) COLLATE utf8mb4_unicode_ci NOT NULL
) ENGINE=InnoDB DEFAULT CHARSET=utf8mb4 COLLATE=utf8mb4_unicode_ci;

--
-- 傾印資料表的資料 `category_room`
--

INSERT INTO `category_room` (`id`, `name`) VALUES
(1, 'Living room'),
(2, 'Kitchen'),
(3, 'Bedroom'),
(4, 'Bathroom');

-- --------------------------------------------------------

--
-- 資料表結構 `chat_room`
--

CREATE TABLE `chat_room` (
  `chat_id` int(6) UNSIGNED NOT NULL,
  `reciever_id` int(6) NOT NULL,
  `sender_id` int(6) NOT NULL,
  `timestamp` timestamp NULL DEFAULT NULL,
  `message` text NOT NULL,
  `status` tinyint(1) NOT NULL
) ENGINE=InnoDB DEFAULT CHARSET=utf8mb4;

-- --------------------------------------------------------

--
-- 資料表結構 `coupon`
--

CREATE TABLE `coupon` (
  `coup_id` int(3) UNSIGNED NOT NULL,
  `coupon_name` varchar(20) COLLATE utf8mb4_unicode_ci NOT NULL,
  `discount` int(6) NOT NULL,
  `type` varchar(20) COLLATE utf8mb4_unicode_ci NOT NULL,
  `min_expense` int(6) NOT NULL,
  `start_date` datetime NOT NULL,
  `end_date` datetime NOT NULL,
  `valid` tinyint(1) NOT NULL
) ENGINE=InnoDB DEFAULT CHARSET=utf8mb4 COLLATE=utf8mb4_unicode_ci;

--
-- 傾印資料表的資料 `coupon`
--

INSERT INTO `coupon` (`coup_id`, `coupon_name`, `discount`, `type`, `min_expense`, `start_date`, `end_date`, `valid`) VALUES
(1, 'HAPPYYEIN', 200, '滿額折扣', 20000, '2022-11-04 09:47:00', '2022-11-30 15:00:00', 1),
(2, 'HAPPYYEIN2', 2000, '滿額折扣', 8000, '2022-11-08 15:06:00', '2022-12-22 09:48:00', 1),
(3, 'FIRSTONCE', 1000, '滿額折扣', 30000, '2022-11-04 09:48:00', '2022-11-04 15:54:00', 0),
(4, 'FORU', 400, '滿額折扣', 30000, '2022-11-09 10:06:00', '2022-11-30 10:06:00', 1),
(5, 'GIFT', 500, '滿額折扣', 5000, '2022-11-15 10:07:00', '2022-11-18 10:07:00', 1),
(6, '1111', 1111, '滿額折扣', 30000, '2022-11-15 10:10:00', '2023-01-26 10:10:00', 1),
(7, 'HAPPYIAN', 3000, '滿額折扣', 50000, '2022-11-04 11:18:00', '2022-11-30 11:18:00', 1),
(8, '1234', 1234, '滿額折扣', 8000, '2022-11-09 03:19:00', '2022-11-30 15:23:00', 1),
(9, 'FIRSTONCE2', 1000, '滿額折扣', 20000, '2022-11-08 14:03:00', '2022-11-30 14:03:00', 1),
(10, '5566', 222, '', 5566, '2022-11-15 14:05:00', '2022-11-30 14:05:00', 1),
(11, 'FIRSTONCE3', 300, '滿額折扣', 3000, '2022-11-08 14:12:00', '2022-11-30 14:11:00', 1),
(12, '5678', 5678, '滿額折扣', 55555, '2022-11-16 14:34:00', '2022-11-30 14:35:00', 1),
(13, 'FIRST', 1111, '滿額折扣', 10000, '2022-11-15 10:30:00', '2022-12-08 10:30:00', 1),
(14, 'test123', 300, '滿額折扣', 30000, '2022-11-15 14:11:00', '2022-11-16 14:11:00', 0);

-- --------------------------------------------------------

--
-- 資料表結構 `coupons`
--

CREATE TABLE `coupons` (
  `id` int(3) UNSIGNED NOT NULL,
  `coupon_name` varchar(20) COLLATE utf8mb4_unicode_ci NOT NULL,
  `discount` int(6) NOT NULL,
  `type` varchar(20) COLLATE utf8mb4_unicode_ci NOT NULL,
  `min_expense` int(6) NOT NULL,
  `start_date` datetime NOT NULL,
  `end_date` datetime NOT NULL,
  `valid` tinyint(1) NOT NULL
) ENGINE=InnoDB DEFAULT CHARSET=utf8mb4 COLLATE=utf8mb4_unicode_ci;

--
-- 傾印資料表的資料 `coupons`
--

INSERT INTO `coupons` (`id`, `coupon_name`, `discount`, `type`, `min_expense`, `start_date`, `end_date`, `valid`) VALUES
(1, 'HAPPYYEIN', 200, '滿額折扣', 20000, '2022-11-04 09:47:00', '2022-11-30 15:00:00', 1),
(2, 'HAPPYYEIN2', 2000, '滿額折扣', 8000, '2022-11-08 15:06:00', '2022-12-22 09:48:00', 1),
(3, 'FIRSTONCE', 1000, '滿額折扣', 30000, '2022-11-04 09:48:00', '2022-11-04 15:54:00', 0),
(4, 'FORU', 400, '滿額折扣', 30000, '2022-11-09 10:06:00', '2022-11-30 10:06:00', 1),
(5, 'GIFT', 500, '滿額折扣', 5000, '2022-11-15 10:07:00', '2022-11-18 10:07:00', 1),
(6, '1111', 1111, '滿額折扣', 30000, '2022-11-18 10:10:00', '2023-01-26 10:10:00', 0),
(7, 'HAPPYIAN', 3000, '滿額折扣', 50000, '2022-11-04 11:18:00', '2022-11-30 11:18:00', 1),
(8, '1234', 1234, '滿額折扣', 8000, '2022-11-09 03:19:00', '2022-11-30 15:23:00', 1),
(9, 'FIRSTONCE2', 1000, '滿額折扣', 20000, '2022-11-08 14:03:00', '2022-11-30 14:03:00', 1),
(10, '5566', 222, '滿額折扣', 5566, '2022-11-24 14:05:00', '2022-11-30 14:05:00', 0),
(11, 'FIRSTONCE3', 300, '滿額折扣', 3000, '2022-11-08 14:12:00', '2022-11-30 14:11:00', 1),
(12, '5678', 5678, '滿額折扣', 55555, '2022-11-16 14:34:00', '2022-11-30 14:35:00', 0),
(13, 'FIRST', 1111, '滿額折扣', 10000, '2022-11-15 10:30:00', '2022-12-08 10:30:00', 1);

-- --------------------------------------------------------

--
-- 資料表結構 `inspiration`
--

CREATE TABLE `inspiration` (
  `insp_id` int(6) UNSIGNED NOT NULL,
  `img` varchar(30) NOT NULL,
  `description` mediumtext NOT NULL,
  `link` varchar(50) NOT NULL
) ENGINE=InnoDB DEFAULT CHARSET=utf8mb4;

-- --------------------------------------------------------

--
-- 資料表結構 `manager`
--

CREATE TABLE `manager` (
  `id` int(3) UNSIGNED NOT NULL,
  `account` varchar(20) COLLATE utf8mb4_unicode_ci NOT NULL,
  `password` varchar(20) COLLATE utf8mb4_unicode_ci NOT NULL
) ENGINE=InnoDB DEFAULT CHARSET=utf8mb4 COLLATE=utf8mb4_unicode_ci;

--
-- 傾印資料表的資料 `manager`
--

INSERT INTO `manager` (`id`, `account`, `password`) VALUES
(1, 'admin', '12345');

-- --------------------------------------------------------

--
-- 資料表結構 `order_detail`
--

CREATE TABLE `order_detail` (
  `id` int(6) NOT NULL,
  `order_list_id` int(6) NOT NULL,
  `product_id` int(6) NOT NULL,
  `user_id` int(6) NOT NULL,
  `amount` int(6) NOT NULL
) ENGINE=InnoDB DEFAULT CHARSET=utf8mb4 COLLATE=utf8mb4_unicode_ci;

--
-- 傾印資料表的資料 `order_detail`
--

INSERT INTO `order_detail` (`id`, `order_list_id`, `product_id`, `user_id`, `amount`) VALUES
(1, 1, 2, 11, 2),
(2, 1, 10, 11, 1),
(3, 2, 30, 1, 1),
(4, 2, 75, 1, 2),
(5, 2, 110, 1, 1),
(6, 3, 133, 19, 3),
(7, 4, 83, 4, 1),
(8, 4, 109, 4, 1),
(9, 4, 150, 4, 1),
(10, 4, 173, 4, 1),
(11, 5, 140, 9, 1),
(12, 6, 192, 20, 2),
(13, 6, 42, 20, 2),
(14, 7, 151, 7, 1),
(15, 7, 11, 7, 3),
(16, 8, 117, 12, 1),
(17, 9, 161, 2, 2),
(18, 9, 21, 2, 3),
(19, 10, 14, 17, 1),
(20, 11, 111, 6, 1),
(21, 11, 161, 6, 1),
(22, 11, 62, 6, 2),
(23, 11, 31, 6, 1),
(24, 12, 119, 14, 1),
(25, 12, 145, 14, 1),
(26, 13, 52, 23, 2),
(27, 13, 80, 23, 1),
(28, 13, 99, 23, 1),
(29, 14, 43, 3, 1),
(30, 15, 152, 15, 1),
(31, 15, 159, 15, 1),
(32, 15, 164, 15, 1),
(33, 15, 185, 15, 1),
(34, 16, 81, 5, 1),
(35, 16, 128, 5, 1),
(36, 17, 50, 14, 1),
(37, 17, 99, 14, 1),
(38, 17, 114, 14, 1),
(39, 18, 72, 18, 2),
(40, 19, 164, 8, 2),
(41, 19, 70, 8, 1),
(42, 20, 20, 13, 1),
(43, 20, 38, 13, 1),
(44, 20, 150, 13, 1),
(45, 20, 66, 13, 1),
(46, 20, 102, 13, 1),
(47, 21, 1, 25, 1),
(48, 21, 31, 25, 1),
(49, 22, 132, 16, 1),
(50, 23, 168, 14, 1),
(51, 23, 129, 14, 1),
(52, 23, 45, 14, 1),
(53, 24, 94, 10, 1),
(54, 24, 85, 10, 1),
(55, 25, 131, 21, 1);

-- --------------------------------------------------------

--
-- 資料表結構 `order_list`
--

CREATE TABLE `order_list` (
  `id` int(6) NOT NULL,
  `user_id` int(6) NOT NULL,
  `price` int(6) NOT NULL,
  `order_date` date NOT NULL,
  `state` tinyint(2) NOT NULL,
  `note` mediumtext NOT NULL,
  `valid` tinyint(2) NOT NULL
) ENGINE=InnoDB DEFAULT CHARSET=utf8mb4;

--
-- 傾印資料表的資料 `order_list`
--

INSERT INTO `order_list` (`id`, `user_id`, `price`, `order_date`, `state`, `note`, `valid`) VALUES
(1, 11, 10350, '2022-06-08', 4, 'abc', 1),
(2, 1, 11650, '2022-06-16', 4, 'a', 1),
(3, 19, 2550, '2022-06-20', 4, '', 1),
(4, 4, 4550, '2022-06-28', 4, '', 1),
(5, 9, 4750, '2022-07-05', 4, '', 1),
(6, 20, 3900, '2022-07-13', 4, '', 1),
(7, 7, 3050, '2022-07-23', 4, '', 1),
(8, 12, 5750, '2022-07-27', 4, '', 1),
(9, 2, 3650, '2022-08-02', 3, '', 1),
(10, 17, 30000, '2022-08-12', 3, '', 1),
(11, 6, 9250, '2022-08-15', 3, '', 1),
(12, 14, 9000, '2022-08-24', 3, '', 1),
(13, 23, 2990, '2022-08-31', 3, '', 1),
(14, 3, 9000, '2022-09-03', 2, '', 1),
(15, 15, 3250, '2022-09-09', 2, '', 1),
(16, 5, 5350, '2022-09-13', 2, '', 1),
(17, 14, 14400, '2022-09-22', 2, '', 1),
(18, 18, 1300, '2022-10-02', 1, '', 1),
(19, 8, 2800, '2022-10-15', 1, '', 1),
(20, 13, 6850, '2022-10-18', 2, '', 1),
(21, 25, 11500, '2022-10-27', 1, 'huh', 1),
(22, 16, 3750, '2022-11-01', 1, 'hh', 1),
(23, 14, 7450, '2022-11-07', 1, '', 1),
(24, 10, 2000, '2022-11-14', 1, '', 1),
(25, 21, 7750, '2022-11-21', 1, '25', 1),
(26, 19, 44550, '2022-06-16', 4, '', 1);

-- --------------------------------------------------------

--
-- 資料表結構 `product`
--

CREATE TABLE `product` (
  `id` int(5) UNSIGNED NOT NULL,
  `name` varchar(50) COLLATE utf8mb4_unicode_ci NOT NULL,
  `category_room` int(3) NOT NULL,
  `category_product` int(3) NOT NULL,
  `price` int(6) UNSIGNED NOT NULL,
  `img_1` varchar(50) COLLATE utf8mb4_unicode_ci NOT NULL,
  `img_2` varchar(50) COLLATE utf8mb4_unicode_ci NOT NULL,
  `description` mediumtext COLLATE utf8mb4_unicode_ci NOT NULL,
  `created_at` datetime DEFAULT NULL,
  `updated_at` datetime DEFAULT NULL,
  `valid` tinyint(1) NOT NULL
) ENGINE=InnoDB DEFAULT CHARSET=utf8mb4 COLLATE=utf8mb4_unicode_ci;

--
-- 傾印資料表的資料 `product`
--

INSERT INTO `product` (`id`, `name`, `category_room`, `category_product`, `price`, `img_1`, `img_2`, `description`, `created_at`, `updated_at`, `valid`) VALUES
(1, '2LG 扶手椅', 1, 2, 4750, '2LG-1.avif', '2LG-2.avif', '', '2022-11-02 20:25:11', '2022-11-14 03:43:54', 1),
(2, 'Abbon 儲物櫃', 1, 4, 550, 'Abbon-1.avif', 'Abbon-2.avif', '\r\n', '2022-11-02 20:25:24', '2022-11-12 10:36:46', 1),
(3, 'Alisma 咖啡桌', 1, 3, 2050, 'Alisma-1.avif', 'Alisma-2.avif', '', '2022-11-02 20:25:33', '2022-11-12 10:36:53', 1),
(4, 'Amrita 扶手椅', 1, 2, 7500, 'Amrita-1.avif', 'Amrita-2.avif', '', '2022-11-02 20:25:38', '2022-11-02 20:25:38', 1),
(5, 'Anderson 櫥櫃', 1, 4, 1000, 'Anderson-1.avif', 'Anderson-2.avif', '', '2022-11-02 21:42:06', '2022-11-02 21:42:06', 1),
(6, 'Angus 展示櫃', 1, 4, 6250, 'Angus-1.avif', 'Angus-2.avif', '', '2022-11-02 00:00:00', '2022-11-02 00:00:00', 1),
(7, 'Ankhara 邊桌', 1, 3, 980, 'Ankhara-1.avif', 'Ankhara-2.avif', '', '2022-11-02 21:42:31', '2022-11-02 21:42:31', 1),
(8, 'Asger 電視櫃', 1, 4, 1950, 'Asger-1.avif', 'Asger-2.avif', '', '2022-11-02 21:42:16', '2022-11-02 21:42:16', 1),
(9, 'Aula 控制台桌', 1, 3, 400, 'Aula-1.avif', 'Aula-2.avif', '', '2022-11-02 21:42:16', '2022-11-02 21:42:16', 1),
(10, 'Bedford 扶手椅', 1, 2, 9250, 'Bedford-1.avif', 'Bedford-2.avif', '', '2022-11-02 21:42:16', '2022-11-02 21:42:16', 1),
(11, 'Belfast 擱架', 1, 4, 650, 'Belfast-1.avif', 'Belfast-2.avif', '', '2022-11-02 21:42:16', '2022-11-02 21:42:16', 1),
(12, 'Betula 圖形壁架', 1, 4, 1000, 'Betula-1.avif', 'Betula-2.avif', '', '2022-11-02 21:42:16', '2022-11-02 21:42:16', 1),
(13, 'Bonnie 腳凳', 1, 2, 2650, 'Bonnie-1.avif', 'Bonnie-2.avif', '', '2022-11-02 21:42:16', '2022-11-02 21:42:16', 1),
(14, 'Branagh 沙發', 1, 1, 30000, 'Branagh-1.avif', 'Branagh-2.avif', '', '2022-11-02 21:42:16', '2022-11-02 21:42:16', 1),
(15, 'Brayla 沙發', 1, 1, 6750, 'Brayla-1.avif', 'Brayla-2.avif', '', '2022-11-02 21:42:16', '2022-11-02 21:42:16', 1),
(16, 'Caixa 地墊', 1, 8, 1400, 'Caixa-1.avif', 'Caixa-2.avif', '', '2022-11-02 21:42:16', '2022-11-02 21:42:16', 1),
(17, 'Camden 地墊', 1, 8, 1300, 'Camden-1.avif', 'Camden-1.avif', '', '2022-11-02 21:42:16', '2022-11-02 21:42:16', 1),
(18, 'Carlo 沙發床', 1, 1, 27500, 'Carlo-1.avif', 'Carlo-2.avif', '', '2022-11-02 21:42:16', '2022-11-02 21:42:16', 1),
(19, 'Connelly 擱架', 1, 4, 7500, 'Connelly-1.avif', 'Connelly-2.avif', '', '2022-11-02 21:42:16', '2022-11-02 21:42:16', 1),
(20, 'Damien 櫥櫃', 1, 4, 3250, 'Damien-1.avif', 'Damien-2.avif', '', '2022-11-02 21:42:16', '2022-11-02 21:42:16', 1),
(21, 'Dione 壁掛置物架', 1, 4, 650, 'Dione-1.avif', 'Dione-2.avif', '', '2022-11-02 21:42:16', '2022-11-02 21:42:16', 1),
(22, 'Drax 地墊', 1, 8, 850, 'Drax-1.avif', 'Drax-2.avif', '', '2022-11-02 21:42:16', '2022-11-02 21:42:16', 1),
(23, 'Elian 坐墊凳', 1, 2, 1500, 'Elian-1.avif', 'Elian-2.avif', '', '2022-11-02 21:42:16', '2022-11-02 21:42:16', 1),
(24, 'Elvi 扶手椅', 1, 2, 5500, 'Elvi-1.avif', 'Elvi-2.avif', '', '2022-11-02 21:42:16', '2022-11-02 21:42:16', 1),
(25, 'Emil 沙發床', 1, 1, 11000, 'Emil-1.avif', 'Emil-2.avif', '', '2022-11-02 21:42:16', '2022-11-02 21:42:16', 1),
(26, 'Emmi 櫥櫃', 1, 4, 3250, 'Emmi-1.avif', 'Emmi-2.avif', '', '2022-11-02 21:42:16', '2022-11-02 21:42:16', 1),
(27, 'Epicoco 地墊', 1, 8, 1300, 'Epicoco-1.jpg', 'Epicoco-2.avif', '', '2022-11-02 21:42:16', '2022-11-02 21:42:16', 1),
(28, 'Esben 沙發床', 1, 1, 14000, 'Esben-1.avif', 'Esben-2.avif', '', '2022-11-02 21:42:16', '2022-11-02 21:42:16', 1),
(29, 'Fallyn 沙發', 1, 1, 18000, 'Fallyn-1.avif', 'Fallyn-2.avif', '', '2022-11-02 21:42:16', '2022-11-02 21:42:16', 1),
(30, 'Fowler 擱架', 1, 4, 4750, 'Fowler-1.avif', 'Fowler-2.avif', '', '2022-11-02 21:42:16', '2022-11-02 21:42:16', 1),
(31, 'Frame 扶手椅', 1, 2, 6750, 'Frame-1.avif', 'Frame-2.avif', '', '2022-11-02 21:42:16', '2022-11-02 21:42:16', 1),
(32, 'Freda 地墊', 1, 8, 850, 'Freda-1.avif', 'Freda-2.avif', '', '2022-11-02 21:42:16', '2022-11-02 21:42:16', 1),
(33, 'Frederik 沙發', 1, 1, 9250, 'Frederik-1.avif', 'Frederik-2.avif', '', '2022-11-02 21:42:16', '2022-11-02 21:42:16', 1),
(34, 'Giselle 沙發', 1, 1, 3190, 'Giselle-1.avif', 'Giselle-2.avif', '', '2022-11-02 21:42:16', '2022-11-02 21:42:16', 1),
(35, 'Gus 邊角座椅', 1, 2, 4250, 'Gus-1.avif', 'Gus-2.avif', '', '2022-11-02 21:42:16', '2022-11-02 21:42:16', 1),
(36, 'Haines 電視櫃', 1, 4, 8750, 'Haines-1.avif', 'Haines-2.avif', '', '2022-11-02 21:42:16', '2022-11-02 21:42:16', 1),
(37, 'Harlow 沙發', 1, 1, 17000, 'Harlow-1.avif', 'Harlow-2.avif', '', '2022-11-02 21:42:16', '2022-11-02 21:42:16', 1),
(38, 'Heaton 電視櫃', 1, 4, 1000, 'Heaton-1.avif', 'Heaton-2.avif', '', '2022-11-02 21:42:16', '2022-11-02 21:42:16', 1),
(39, 'Herman 沙發', 1, 1, 4250, 'Herman-1.avif', 'Herman-2.avif', '', '2022-11-02 21:42:16', '2022-11-02 21:42:16', 1),
(40, 'Herton 沙發', 1, 1, 9250, 'Herton-1.avif', 'Herton-2.avif', '', '2022-11-02 21:42:16', '2022-11-02 21:42:16', 1),
(41, 'Hopkins 櫥櫃', 1, 4, 3250, 'Hopkins-1.avif', 'Hopkins-2.avif', '', '2022-11-02 21:42:16', '2022-11-02 21:42:16', 1),
(42, 'Irving 壁掛置物架', 1, 4, 1600, 'Irving-1.avif', 'Irving-2.avif', '', '2022-11-02 21:42:16', '2022-11-02 21:42:16', 1),
(43, 'Isadora 扶手椅', 1, 2, 9000, 'Isadora-1.avif', 'Isadora-2.avif', '', '2022-11-02 21:42:16', '2022-11-02 21:42:16', 1),
(44, 'Jacklin 邊角扶手椅', 1, 2, 13000, 'Jacklin-1.jpg', 'Jacklin-2.jpg', '', '2022-11-02 21:42:16', '2022-11-02 21:42:16', 1),
(45, 'Jenson 咖啡桌', 1, 3, 3500, 'Jenson-1.avif', 'Jenson-2.avif', '', '2022-11-02 21:42:16', '2022-11-02 21:42:16', 1),
(46, 'Julianne 沙發', 1, 1, 19950, 'Julianne-1.avif', 'Julianne-2.avif', '', '2022-11-02 21:42:16', '2022-11-02 21:42:16', 1),
(47, 'Kalaspel 櫥櫃', 1, 4, 12000, 'Kalaspel-1.avif', 'Kalaspel-2.avif', '', '2022-11-02 21:42:16', '2022-11-02 21:42:16', 1),
(48, 'Kameli 地墊', 1, 8, 420, 'Kameli-1.avif', 'Kameli-2.avif', '', '2022-11-02 21:42:16', '2022-11-02 21:42:16', 1),
(49, 'Kasiani 沙發', 1, 1, 18000, 'Kasiani-1.avif', 'Kasiani-2.avif', '', '2022-11-02 21:42:16', '2022-11-02 21:42:16', 1),
(50, 'Tobias 扶手椅', 1, 2, 12000, 'Tobias-1.avif', 'Tobias-2.avif', '', '2022-11-02 21:42:16', '2022-11-02 21:42:16', 1),
(51, 'Acelyn 餐盤套裝', 2, 9, 1600, 'Acelyn-1.avif', 'Acelyn-2.avif', '', '2022-11-02 22:28:08', '2022-11-02 22:28:08', 1),
(52, 'Araluen 馬克杯', 2, 9, 500, 'Araluen-1.avif', 'Araluen-2.avif', '', '2022-11-02 22:28:08', '2022-11-02 22:28:08', 0),
(53, 'Areaware 桌墊', 2, 9, 200, 'Areaware-1.avif', 'Areaware-2.avif', '', '2022-11-02 22:28:08', '2022-11-02 22:28:08', 0),
(54, 'Bethan 餐盤套裝', 2, 9, 1600, 'Bethan-1.avif', 'Bethan-2.avif', '', '2022-11-02 22:28:08', '2022-11-02 22:28:08', 1),
(55, 'BigHug 圓形砧板', 2, 9, 320, 'BigHug-1.avif', 'BigHug-2.avif', '', '2022-11-02 22:28:08', '2022-11-02 22:28:08', 0),
(56, 'BOX-IT 麵包盒', 2, 9, 650, 'BOX-IT-1.avif', 'BOX-IT-2.avif', '', '2022-11-02 22:28:08', '2022-11-02 22:28:08', 1),
(57, 'Caeser 扇貝邊餐具', 2, 9, 1100, 'Caeser-1.avif', 'Caeser-2.avif', '', '2022-11-02 22:28:08', '2022-11-02 22:28:08', 1),
(58, 'Clover 相思木碗', 2, 9, 500, 'Clover-1.avif', 'Clover-2.avif', '', '2022-11-02 22:28:08', '2022-11-02 22:28:08', 0),
(59, 'Colter 垃圾桶', 2, 9, 1300, 'Colter-1.avif', 'Colter-2.avif', '', '2022-11-02 22:28:08', '2022-11-02 22:28:08', 1),
(60, 'Coombe 瀝水器', 2, 9, 450, 'Coombe-1.avif', 'Coombe-2.avif', '', '2022-11-02 22:28:08', '2022-11-02 22:28:08', 0),
(61, 'Dae 洗衣車', 2, 9, 750, 'Dae-1.avif', 'Dae-2.avif', '', '2022-11-02 22:28:08', '2022-11-02 22:28:08', 1),
(62, 'Dagget 玻璃杯', 2, 9, 500, 'Dagget-1.avif', 'Dagget-2.avif', '', '2022-11-02 22:28:08', '2022-11-02 22:28:08', 0),
(63, 'Eli 長盤', 2, 9, 390, 'Eli-1.avif', 'Eli-2.avif', '', '2022-11-02 22:28:08', '2022-11-02 22:28:08', 0),
(64, 'Enso 餐具套裝', 2, 9, 1290, 'Enso-1.avif', 'Enso-2.avif', '', '2022-11-02 22:28:08', '2022-11-02 22:28:08', 1),
(65, 'Gastro 餐盤', 2, 9, 990, 'Gastro-1.avif', 'Gastro-2.avif', '', '2022-11-02 22:28:08', '2022-11-02 22:28:08', 1),
(66, 'Grod 沙拉碗', 2, 9, 450, 'Grod-1.avif', 'Grod-2.avif', '', '2022-11-02 22:28:08', '2022-11-02 22:28:08', 0),
(67, 'Hai 餐具套裝', 2, 9, 1900, 'Hai-1.avif', 'Hai-2.avif', '', '2022-11-02 22:28:08', '2022-11-02 22:28:08', 1),
(68, 'Heather 圓形餐盤', 2, 9, 490, 'Heather-1.avif', 'Heather-2.avif', '', '2022-11-02 22:28:08', '2022-11-02 22:28:08', 0),
(69, 'Hollie 玻璃杯', 2, 9, 500, 'Hollie-1.avif', 'Hollie-2.avif', '', '2022-11-02 22:28:08', '2022-11-02 22:28:08', 0),
(70, 'Jessyka 餐盤套裝', 2, 9, 1500, 'Jessyka-1.avif', 'Jessyka-2.avif', '', '2022-11-02 22:28:08', '2022-11-02 22:28:08', 1),
(71, 'Josefina 雞尾酒吧套裝', 2, 9, 390, 'Josefina-1.avif', 'Josefina-2.avif', '', '2022-11-02 22:28:08', '2022-11-02 22:28:08', 0),
(72, 'Joss 垃圾桶', 2, 9, 650, 'Joss-1.avif', 'Joss-2.avif', '', '2022-11-02 22:28:08', '2022-11-02 22:28:08', 1),
(73, 'Juni 餐盤套裝', 2, 9, 900, 'Juni-1.avif', 'Juni-2.avif', '', '2022-11-02 22:28:08', '2022-11-02 22:28:08', 1),
(74, 'Kendra 烤盤', 2, 9, 490, 'Kendra-1.avif', 'Kendra-2.avif', '', '2022-11-02 22:28:08', '2022-11-02 22:28:08', 0),
(75, 'Krisha 餐盤套裝', 2, 9, 1200, 'Krisha-1.avif', 'Krisha-2.avif', '', '2022-11-02 22:28:08', '2022-11-02 22:28:08', 1),
(76, 'Leaf 餐墊', 2, 9, 380, 'Leaf-1.avif', 'Leaf-2.avif', '', '2022-11-02 22:28:08', '2022-11-02 22:28:08', 0),
(77, 'Liga 餐墊', 2, 9, 420, 'Liga-1.avif', 'Liga-2.avif', '', '2022-11-02 22:28:08', '2022-11-02 22:28:08', 0),
(78, 'Lillianna 餐盤套裝', 2, 9, 1000, 'Lillianna-1.avif', 'Lillianna-2.avif', '', '2022-11-02 22:28:08', '2022-11-02 22:28:08', 1),
(79, 'Limfjord 餐盤', 2, 9, 390, 'Limfjord-1.avif', 'Limfjord-2.avif', '', '2022-11-02 22:28:08', '2022-11-02 22:28:08', 0),
(80, 'Maria 餐盤', 2, 9, 690, 'Maria-1.avif', 'Maria-2.avif', '', '2022-11-02 22:28:08', '2022-11-02 22:28:08', 1),
(81, 'Moarc 餐盤套裝', 2, 9, 1600, 'Moarc-1.avif', 'Moarc-2.avif', '', '2022-11-02 22:28:08', '2022-11-02 22:28:08', 1),
(82, 'Moss 酒瓶架', 2, 9, 700, 'Moss-1.avif', 'Moss-2.avif', '', '2022-11-02 22:28:08', '2022-11-02 22:28:08', 1),
(83, 'Nelius 餐具套裝', 2, 9, 1400, 'Nelius-1.avif', 'Nelius-2.avif', '', '2022-11-02 22:28:08', '2022-11-02 22:28:08', 1),
(84, 'Reed 玻璃杯', 2, 9, 260, 'Reed-1.avif', 'Reed-2.avif', '', '2022-11-02 22:28:08', '2022-11-02 22:28:08', 0),
(85, 'Rue 餐盤套裝', 2, 9, 1000, 'Rue-1.avif', 'Rue-2.avif', '', '2022-11-02 22:28:08', '2022-11-02 22:28:08', 1),
(86, 'Sabar 餐盤套裝', 2, 9, 1900, 'Sabar-1.avif', 'Sabar-2.avif', '', '2022-11-02 22:28:08', '2022-11-02 22:28:08', 1),
(87, 'Sandvig 意大利麵碗', 2, 9, 890, 'Sandvig-1.avif', 'Sandvig-2.avif', '', '2022-11-02 22:28:08', '2022-11-02 22:28:08', 1),
(88, 'Shape 碗', 2, 9, 790, 'Shape-1.avif', 'Shape-2.avif', '', '2022-11-02 22:28:08', '2022-11-02 22:28:08', 1),
(89, 'Sodahl 餐墊', 2, 9, 220, 'Sodahl-1.jpeg', 'Sodahl-2.avif', '', '2022-11-02 22:28:08', '2022-11-02 22:28:08', 0),
(90, 'Stoned 矩形板', 2, 9, 390, 'Stoned-1.avif', 'Stoned-2.avif', '', '2022-11-02 22:28:08', '2022-11-02 22:28:08', 0),
(91, 'Sumi 餐具套裝', 2, 9, 1300, 'Sumi-1.avif', 'Sumi-2.avif', '', '2022-11-02 22:28:08', '2022-11-02 22:28:08', 1),
(92, 'Svelte 麥片碗', 2, 9, 600, 'Svelte-1.avif', 'Svelte-2.avif', '', '2022-11-02 22:28:08', '2022-11-02 22:28:08', 1),
(93, 'Sybella 餐盤套裝', 2, 9, 1500, 'Sybella-1.avif', 'Sybella-2.avif', '', '2022-11-02 22:28:08', '2022-11-02 22:28:08', 1),
(94, 'Taryn 餐盤套裝', 2, 9, 1000, 'Taryn-1.avif', 'Taryn-2.avif', '', '2022-11-02 22:28:08', '2022-11-02 22:28:08', 1),
(95, 'Thea 餐盤', 2, 9, 450, 'Thea-1.avif', 'Thea-2.avif', '', '2022-11-02 22:28:08', '2022-11-02 22:28:08', 0),
(96, 'TheAltasWorks 玻璃碗', 2, 9, 240, 'TheAltasWorks-1.avif', 'TheAltasWorks-2.avif', '', '2022-11-02 22:28:08', '2022-11-02 22:28:08', 0),
(97, 'Travel 旅行杯', 2, 9, 290, 'Travel-1.avif', 'Travel-2.avif', '', '2022-11-02 22:28:08', '2022-11-02 22:28:08', 0),
(98, 'Vora 餐具套裝', 2, 9, 1100, 'Vora-1.avif', 'Vora-2.avif', '', '2022-11-02 22:28:08', '2022-11-02 22:28:08', 1),
(99, 'Xeina 餐盤套裝', 2, 9, 1300, 'Xeina-1.avif', 'Xeina-2.avif', '', '2022-11-02 22:28:08', '2022-11-02 22:28:08', 1),
(100, 'Zaeden 餐盤套裝', 2, 9, 1500, 'Zaeden-1.avif', 'Zaeden-2.avif', '', '2022-11-02 22:28:08', '2022-11-02 22:28:08', 1),
(101, 'Abbon 儲物櫃', 3, 4, 2900, 'Abbon-1.avif', 'Abbon-2.avif', '', '2022-11-03 14:15:54', '2022-11-03 14:15:54', 1),
(102, 'Adria 牆鏡', 3, 8, 1600, 'Adria-1.avif', 'Adria-2.avif', '', '2022-11-03 14:15:54', '2022-11-03 14:15:54', 1),
(103, 'Adrianne 落地燈', 3, 6, 2500, 'Adrianne-1.avif', 'Adrianne-2.avif', '', '2022-11-03 14:15:54', '2022-11-03 14:15:54', 1),
(104, 'Alana 全身鏡', 3, 8, 4750, 'Alana-1.avif', 'Alana-2.avif', '', '2022-11-03 14:15:54', '2022-11-03 14:15:54', 1),
(105, 'Alexia 床單', 3, 5, 350, 'Alexia-1.jpeg', 'Alexia-2.webp', '', '2022-11-03 14:15:54', '2022-11-03 14:15:54', 0),
(106, 'Anwick 床頭板', 3, 5, 3250, 'Anwick-1.webp', 'Anwick-2.webp', '', '2022-11-03 14:15:54', '2022-11-03 14:15:54', 1),
(107, 'Arles 全身鏡', 3, 8, 3750, 'Arles-1.avif', 'Arles-2.avif', '', '2022-11-03 14:15:54', '2022-11-03 14:15:54', 1),
(108, 'Arles 牆鏡', 3, 8, 2200, 'Arles-1.webp', 'Arles-2.jpg', '', '2022-11-03 14:15:54', '2022-11-03 14:15:54', 1),
(109, 'Arles-rectangle 長方鏡', 3, 8, 1900, 'Arles-rectangle-1.webp', 'Arles-rectangle-2.jpg', '', '2022-11-03 14:15:54', '2022-11-03 14:15:54', 1),
(110, 'Asano 全身鏡', 3, 8, 4500, 'Asano-1.webp', 'Asano-2.webp', '', '0000-00-00 00:00:00', '2022-11-03 14:15:54', 1),
(111, 'Bex 圓鏡', 3, 8, 650, 'Bex-1.avif', 'Bex-2.avif', '', '2022-11-03 14:15:54', '2022-11-03 14:15:54', 1),
(112, 'Bree 落地燈', 3, 6, 2100, 'Bree-1.avif', 'Bree-2.avif', '', '2022-11-03 14:15:54', '2022-11-03 14:15:54', 1),
(113, 'Brisa 枕套', 3, 5, 450, 'Brisa-1.jpeg', 'Brisa-2.webp', '', '2022-11-03 14:15:54', '2022-11-03 14:15:54', 0),
(114, 'Brisa-bedsheet 床單', 3, 5, 1100, 'Brisa-bedsheet-1.jpeg', 'Brisa-bedsheet-2.webp', '', '2022-11-03 14:15:54', '2022-11-03 14:15:54', 1),
(115, 'Burle 床頭板', 3, 5, 2350, 'Burle-1.avif', 'Burle-2.avif', '', '2022-11-03 14:15:54', '2022-11-03 14:15:54', 1),
(116, 'Burley 羊毛毯', 3, 7, 600, 'Burley-1.avif', 'Burley-2.avif', '', '2022-11-03 14:15:54', '2022-11-03 14:15:54', 1),
(117, 'Camden 地毯', 3, 8, 5750, 'Camden-1.jpeg', 'Camden-2.jpg', '', '2022-11-03 14:15:54', '2022-11-03 14:15:54', 1),
(118, 'Cille 屏風', 3, 8, 1710, 'Cille-1.avif', 'Cille-2.avif', '', '2022-11-03 14:15:54', '2022-11-03 14:15:54', 1),
(119, 'Damien 衣櫃', 3, 4, 5250, 'Damien-1.webp', 'Damien-2.webp', '', '2022-11-03 14:15:54', '2022-11-03 14:15:54', 1),
(120, 'Drax 地毯', 3, 8, 2200, 'Drax-1.avif', 'Drax-2.avif', '', '2022-11-03 14:15:54', '2022-11-03 14:15:54', 1),
(121, 'Ebro 儲物櫃', 3, 4, 4500, 'Ebro-1.webp', 'Ebro-2.webp', '', '2022-11-03 14:15:54', '2022-11-03 14:15:54', 1),
(122, 'Ebro 化妝台', 3, 4, 3500, 'Ebro-1.avif', 'Ebro-2.avif', '', '2022-11-03 14:15:54', '2022-11-10 15:50:45', 1),
(123, 'Epicoco 地毯', 3, 8, 4750, 'Epicoco-1.jpeg', 'Epicoco-2.webp', '', '2022-11-03 14:15:54', '2022-11-03 14:15:54', 1),
(124, 'Fishes 畫像', 3, 8, 500, 'Fishes-1.avif', 'Fishes-2.avif', '', '2022-11-03 14:15:54', '2022-11-03 14:15:54', 0),
(125, 'Freda 地毯', 3, 8, 2200, 'Freda-1.jpeg', 'Freda-2.jpg', '', '2022-11-03 14:15:54', '2022-11-03 14:15:54', 1),
(126, 'Fresia 床頭板', 3, 5, 2500, 'Fresia-1.webp', 'Fresia-2.jpg', '', '2022-11-04 00:03:20', '2022-11-04 00:03:20', 1),
(127, 'Globe 吊燈', 3, 6, 950, 'Globe-1.webp', 'Globe-2.webp', '', '2022-11-04 00:12:54', '2022-11-04 00:24:11', 1),
(128, 'Holt 地毯', 3, 8, 3750, 'Holt-1.jpeg', 'Holt-2.webp', '', '2022-11-04 00:12:54', '2022-11-04 00:24:11', 1),
(129, 'Hopkins 儲物櫃', 3, 4, 2200, 'Hopkins-1.avif', 'Hopkins-2.avif', '', '2022-11-04 00:12:54', '2022-11-04 00:24:11', 1),
(130, 'Julius 靠枕', 3, 5, 350, 'Julius-1.jpeg', 'Julius-2.webp', '', '2022-11-04 00:12:54', '2022-11-04 00:24:11', 0),
(131, 'Kano 平台床', 3, 5, 7750, 'Kano-1.webp', 'Kano-2.webp', '', '2022-11-04 00:12:54', '2022-11-04 00:24:11', 1),
(132, 'Kilby 床頭櫃', 3, 4, 3750, 'Kilby-1.webp', 'Kilby-2.webp', '', '2022-11-04 00:24:11', '2022-11-04 00:24:11', 1),
(133, 'Klara 被單', 3, 5, 850, 'Klara-1.avif', 'Klara-2.avif', '', '2022-11-04 00:24:11', '2022-11-04 00:24:11', 1),
(134, 'Lavelle 平台床', 3, 5, 7900, 'Lavelle-1.avif', 'Lavelle-2.avif', '', '2022-11-04 00:24:11', '2022-11-04 00:24:11', 1),
(135, 'llaria 吊燈', 3, 8, 3750, 'llaria-1.avif', 'llaria-2.avif', '', '2022-11-04 00:24:11', '2022-11-04 00:24:11', 1),
(136, 'Makele 地毯', 3, 8, 2900, 'Makele-1.jpeg', 'Makele-2.jpg', '', '2022-11-04 00:24:11', '2022-11-04 00:24:11', 1),
(137, 'Masako 吊燈', 3, 6, 1400, 'Masako-1.avif', 'Masako-2.avif', '', '2022-11-04 00:24:11', '2022-11-04 00:24:11', 1),
(138, 'Meiko 平台床', 3, 5, 7750, 'Meiko-1.webp', 'Meiko-2.webp', '', '2022-11-04 00:24:11', '2022-11-04 00:24:11', 1),
(139, 'Mika 吊燈', 3, 6, 2500, 'Mika-1.avif', 'Mika-2.avif', '', '2022-11-04 00:24:11', '2022-11-04 00:24:11', 1),
(140, 'Noorali 梳妝台', 3, 3, 4750, 'Noorali-1.avif', 'Noorali-2.avif', '', '2022-11-04 00:24:11', '2022-11-04 00:24:11', 1),
(141, ' Nyro 壁燈', 3, 6, 650, 'Nyro-1.avif', 'Nyro-2.avif', '', '2022-11-04 00:24:11', '2022-11-04 00:24:11', 1),
(142, 'Ogilvy 壁燈', 3, 6, 500, 'Ogilvy-1.avif', 'Ogilvy-2.avif', '', '2022-11-04 00:24:11', '2022-11-04 00:24:11', 0),
(143, 'Oro 吊燈', 3, 6, 400, 'Oro-1.avif', 'Oro-2.avif', '', '2022-11-04 00:24:11', '2022-11-04 00:24:11', 0),
(144, 'Otilia 平台床', 3, 5, 7250, 'Otillia-1.webp', 'Otillia-2.jpg', '', '2022-11-04 00:24:11', '2022-11-04 00:24:11', 1),
(145, 'Parton 全身鏡', 3, 8, 3750, 'Parton-1.avif', 'Parton-2.avif', '', '2022-11-04 00:24:11', '2022-11-04 00:24:11', 1),
(146, 'Pavia 床頭櫃', 3, 4, 5950, 'Pavia-1.jpeg', 'Pavia-2.jpg', '', '2022-11-04 00:24:11', '2022-11-04 00:24:11', 1),
(147, 'Pavia-white 床頭櫃', 3, 4, 1900, 'Pavia-white-1.webp', 'Pavia-white-2.jpg', '', '2022-11-04 00:24:11', '2022-11-04 00:24:11', 1),
(148, 'Skye 平台床', 3, 5, 8500, 'Skye-1.webp', 'Skye-2.webp', '', '2022-11-04 00:24:11', '2022-11-04 00:24:11', 1),
(149, 'Tacoma 平台床', 3, 5, 12000, 'Tacoma-1.webp', 'Tacoma-2.jpg', '', '2022-11-04 00:24:11', '2022-11-04 00:24:11', 1),
(150, 'Vetro 桌燈', 3, 6, 550, 'vetro-1.avif', 'vetro-2.avif', '', '2022-11-04 00:24:11', '2022-11-04 00:24:11', 1),
(151, 'Aerial 置物架', 4, 3, 1100, 'Aerial-1.avif', 'Aerial-2.avif', '', '2022-11-04 09:50:08', '2022-11-04 09:50:08', 1),
(152, 'Albus 洗衣籃', 4, 4, 1000, 'Albus-1.avif', 'Albus-2.avif', '', '2022-11-04 09:50:08', '2022-11-04 09:50:08', 1),
(153, 'Alfa 洗衣籃', 4, 4, 1000, 'Alfa-1.avif', 'Alfa-2.avif', '', '2022-11-04 09:50:08', '2022-11-04 09:50:08', 1),
(154, 'Bask 洗衣籃', 4, 4, 420, 'Bask-1.avif', 'Bask-2.avif', '', '2022-11-04 09:50:08', '2022-11-04 09:50:08', 0),
(155, 'Belfast 置物架', 4, 3, 650, 'Belfast-1.avif', 'Belfast-2.avif', '', '2022-11-04 09:50:08', '2022-11-04 09:50:08', 1),
(156, 'Benjamin 化妝鏡', 4, 8, 2200, 'Benjamin-1.avif', 'Benjamin-2.avif', '', '2022-11-04 09:50:08', '2022-11-04 09:50:08', 1),
(157, 'Betula 置物架', 4, 3, 1000, 'Betula-1.avif', 'Betula-2.avif', '', '2022-11-04 09:50:08', '2022-11-04 09:50:08', 1),
(158, 'Bran 廁紙架', 4, 3, 500, 'Bran-1.avif', 'Bran-2.avif', '', '2022-11-04 09:50:08', '2022-11-04 09:50:08', 0),
(159, 'Brees 洗衣籃', 4, 4, 1100, 'Brees-1.avif', 'Brees-2.avif', '', '2022-11-04 09:50:08', '2022-11-04 09:50:08', 1),
(160, 'Calypso 置物架', 4, 3, 320, 'Calypso-1.avif', 'Calypso-2.avif', '', '2022-11-04 09:50:08', '2022-11-04 09:50:08', 0),
(161, 'Cam 洗衣籃', 4, 4, 850, 'Cam-1.avif', 'Cam-2.avif', '', '2022-11-04 09:50:08', '2022-11-04 09:50:08', 1),
(162, 'Cubett 置物架', 4, 3, 1000, 'Cubett-1.avif', 'Cubett-2.avif', '', '2022-11-04 09:50:08', '2022-11-04 09:50:08', 1),
(163, 'Dione 置物架', 4, 3, 350, 'Dione-1.avif', 'Dione-2.avif', '', '2022-11-04 09:50:08', '2022-11-04 09:50:08', 0),
(164, 'Eddie 洗衣籃', 4, 4, 650, 'Eddie-1.avif', 'Eddie-2.avif', '', '2022-11-04 09:50:08', '2022-11-04 09:50:08', 1),
(165, 'Elori 衛浴組合', 4, 10, 350, 'Elori-1.avif', 'Elori-2.avif', '', '2022-11-04 11:42:08', '2022-11-04 11:42:08', 0),
(166, 'Espa 置物架', 4, 3, 500, 'Espa-1.avif', 'Espa-2.avif', '', '2022-11-04 11:42:08', '2022-11-04 11:42:08', 0),
(167, 'Fiske 衛浴組合', 4, 10, 650, 'Fiske-1.avif', 'Fiske-2.avif', '', '2022-11-04 11:42:08', '2022-11-04 11:42:08', 1),
(168, 'Hadid 洗衣籃', 4, 4, 1750, 'Hadid-1.avif', 'Hadid-2.avif', '', '2022-11-04 11:42:08', '2022-11-04 11:42:08', 1),
(169, 'Havana 洗衣籃', 4, 4, 1000, 'Havana-1.avif', 'Havana-2.avif', '', '2022-11-04 11:42:08', '2022-11-04 11:42:08', 1),
(170, 'Holgate 洗衣籃', 4, 4, 850, 'Holgate-1.avif', 'Holgate-2.avif', '', '2022-11-04 11:42:08', '2022-11-04 11:42:08', 1),
(171, 'Huldra 化妝鏡', 4, 8, 1300, 'Huldra-1.avif', 'Huldra-2.avif', '', '2022-11-04 11:42:08', '2022-11-04 11:42:08', 1),
(172, 'Ickra 洗衣籃', 4, 4, 700, 'Ickra-1.avif', 'Ickra-2.avif', '', '2022-11-04 11:42:08', '2022-11-04 11:42:08', 1),
(173, 'Kespa 洗衣籃', 4, 4, 700, 'Kespa-1.jpg', 'Kespa-2.jpg', '', '2022-11-04 11:42:08', '2022-11-04 11:42:08', 1),
(174, 'Kurino 洗衣籃', 4, 4, 550, 'Kurino-1.avif', 'Kurino-2.avif', '', '2022-11-04 11:42:08', '2022-11-04 11:42:08', 1),
(175, 'Leyla 化妝鏡', 4, 8, 1300, 'Leyla-1.avif', 'Leyla-2.avif', '', '2022-11-04 11:42:08', '2022-11-04 11:42:08', 1),
(176, 'Lilo 衛浴組合', 4, 10, 500, 'Lilo-1.avif', 'Lilo-2.avif', '', '2022-11-04 11:42:08', '2022-11-04 11:42:08', 0),
(177, 'Lovise 洗衣籃', 4, 4, 1400, 'Lovise-1.avif', 'Lovise-2.avif', '', '2022-11-04 11:42:08', '2022-11-04 11:42:08', 1),
(178, 'Maxine 置物架', 4, 3, 1300, 'Maxine-1.avif', 'Maxine-2.avif', '', '2022-11-04 11:42:08', '2022-11-04 11:42:08', 1),
(179, 'Moss 洗衣籃', 4, 4, 650, 'Moss-1.avif', 'Moss-2.avif', '', '2022-11-04 11:42:08', '2022-11-04 11:42:08', 1),
(180, 'Nelly 洗衣籃', 4, 4, 850, 'Nelly-1.avif', 'Nelly-2.avif', '', '2022-11-04 11:42:08', '2022-11-04 11:42:08', 1),
(181, 'No.1 肥皂架', 4, 10, 190, 'No.1-1.avif', 'No.1-2.avif', '', '2022-11-04 11:42:08', '2022-11-04 11:42:08', 0),
(182, 'Nova 皂液機', 4, 10, 290, 'Nova-1.avif', 'Nova-2.avif', '', '2022-11-04 11:42:08', '2022-11-04 11:42:08', 0),
(183, 'Otten 洗衣籃', 4, 4, 420, 'Otten-1.avif', 'Otten-1.avif', '', '2022-11-04 11:42:08', '2022-11-04 11:42:08', 0),
(184, 'Raven 洗衣籃', 4, 4, 900, 'Raven-1.jpg', 'Raven-2.avif', '', '2022-11-04 11:42:08', '2022-11-04 11:42:08', 1),
(185, 'Rurick 置物架', 4, 3, 500, 'Rurick-1.avif', 'Rurick-2.avif', '', '2022-11-04 11:42:08', '2022-11-04 11:42:08', 0),
(186, 'Sakari 牆鉤', 4, 8, 3200, 'Sakari-1.avif', 'Sakari-2.avif', '', '2022-11-04 11:42:08', '2022-11-04 11:42:08', 1),
(187, 'Samson 毛巾架', 4, 10, 1100, 'Samson-1.avif', 'Samson-2.avif', '', '2022-11-04 11:42:08', '2022-11-04 11:42:08', 1),
(188, 'Soller 洗衣籃', 4, 4, 850, 'Soller-1.avif', 'Soller-2.avif', '', '2022-11-04 11:42:08', '2022-11-04 11:42:08', 1),
(189, 'Stria 化妝鏡', 4, 4, 2000, 'Stria-1.avif', 'Stria-2.avif', '', '2022-11-04 11:42:08', '2022-11-04 11:42:08', 1),
(190, 'Toro 洗衣籃', 4, 4, 500, 'Toro-1.avif', 'Toro-2.avif', '', '2022-11-04 11:42:08', '2022-11-04 11:42:08', 0),
(191, 'Turaco 毛巾架', 4, 10, 700, 'Turaco-1.avif', 'Turaco-2.avif', '', '2022-11-04 11:42:08', '2022-11-04 11:42:08', 1),
(192, 'Zenia 毛巾架', 4, 10, 350, 'Zenia-1.avif', 'Zenia-2.avif', '', '2022-11-04 11:42:08', '2022-11-04 11:42:08', 0);

-- --------------------------------------------------------

--
-- 資料表結構 `rating`
--

CREATE TABLE `rating` (
  `id` int(3) NOT NULL,
  `product_id` varchar(50) COLLATE utf8mb4_unicode_ci NOT NULL,
  `user_id` varchar(50) COLLATE utf8mb4_unicode_ci NOT NULL,
  `stars` int(1) NOT NULL,
  `comment` varchar(255) COLLATE utf8mb4_unicode_ci NOT NULL,
  `posted_at` datetime NOT NULL
) ENGINE=InnoDB DEFAULT CHARSET=utf8mb4 COLLATE=utf8mb4_unicode_ci;

--
-- 傾印資料表的資料 `rating`
--

INSERT INTO `rating` (`id`, `product_id`, `user_id`, `stars`, `comment`, `posted_at`) VALUES
(1, '38', '6', 4, '除了電視還可以放很多小物，好用', '2022-10-01 00:44:23'),
(2, '49', '8', 3, '質地太硬，普普', '2022-10-03 16:14:26'),
(3, '17', '1', 5, '面積非常大可以舖整個客廳，讚！', '2022-10-03 23:01:01'),
(4, '24', '23', 5, '一下班就攤在這椅子上，很舒服', '2022-10-04 09:47:44'),
(5, '58', '16', 4, '隔熱好，可以裝熱湯但容量有點小', '2022-10-06 19:18:06'),
(6, '62', '5', 3, '滿有設計感但只適合裝冰飲', '2022-10-08 12:47:34'),
(7, '55', '2', 1, '用了洗碗精還是洗不乾淨，不推', '2022-10-08 13:11:11'),
(8, '86', '2', 5, '一家人用剛剛好，拍起照也好看', '2022-10-08 13:14:59'),
(9, '92', '19', 4, '很可愛的碗，用了之後孩子比較願意吃早餐', '2022-10-10 10:53:24'),
(10, '112', '14', 2, '適合當閱讀燈但太重不好移動', '2022-10-11 08:17:28'),
(11, '182', '13', 4, '每次給皂量很剛好，可惜容量不夠大，很快就要補充', '2022-10-16 15:35:08'),
(12, '119', '7', 1, '容量超大能放下所有衣服，但門開起來卡卡的', '2022-10-17 07:31:49'),
(13, '116', '25', 1, '太容易掉毛，不要買', '2022-10-18 14:49:03'),
(14, '150', '25', 4, '小孩說很亮，看書很方便', '2022-10-20 09:55:48'),
(15, '173', '22', 3, '就普通洗衣籃，可買可不買', '2022-10-20 10:01:15'),
(16, '157', '14', 4, '多用途，放客廳餐廳房間都合理', '2022-10-21 18:18:18'),
(17, '139', '17', 5, '裝在餐桌上整個像高級餐廳！', '2022-10-23 16:25:48'),
(18, '8', '15', 2, '負重太低', '2022-10-27 10:03:26'),
(19, '13', '31', 4, '高度剛好，適合放在沙房前架腳', '2022-10-30 08:12:16'),
(20, '3', '29', 5, '長寬剛好，不會太佔空間', '2022-10-31 15:18:31'),
(21, '48', '2', 2, '我家貓主子不愛，差評', '2022-11-01 19:28:31'),
(22, '47', '39', 1, '門關不緊，上次害我碗盤掉下來打破，還敢賣那麼貴', '2022-11-02 23:21:55'),
(23, '57', '4', 3, '造型滿可愛的', '2022-11-02 23:30:35'),
(24, '74', '37', 5, '容積超大，連肋排都能烤，讚', '2022-11-03 10:00:05'),
(25, '72', '32', 4, '有點輕，稍微撞到一下就會倒', '2022-11-05 19:40:55'),
(26, '77', '26', 3, 'Just elegant, nothing special', '2022-11-06 07:07:07'),
(27, '104', '3', 2, '太貴了cp值不高', '2022-11-06 08:10:43'),
(28, '188', '40', 1, '空籃子就太重了，加上髒衣服我一個弱女子根本抬不動', '2022-11-07 20:43:25'),
(29, '186', '28', 5, '黏著力夠強，推', '2022-11-08 11:35:16'),
(30, '105', '27', 5, '質地柔軟，舒服', '2022-11-10 15:30:45');

-- --------------------------------------------------------

--
-- 資料表結構 `used_product`
--

CREATE TABLE `used_product` (
  `useP_id` int(6) UNSIGNED NOT NULL,
  `seller_id` int(6) NOT NULL,
  `name` varchar(50) NOT NULL,
  `category_room` int(3) NOT NULL,
  `category_product` int(3) NOT NULL,
  `amount` int(3) NOT NULL,
  `description` mediumtext NOT NULL,
  `original_price` int(6) NOT NULL,
  `price` int(6) NOT NULL,
  `img` longtext CHARACTER SET utf8mb4 COLLATE utf8mb4_bin DEFAULT NULL,
  `bought_in` year(4) NOT NULL,
  `created_at` datetime NOT NULL,
  `updated_at` datetime NOT NULL,
  `valid` tinyint(1) NOT NULL
) ENGINE=InnoDB DEFAULT CHARSET=utf8mb4;

--
-- 傾印資料表的資料 `used_product`
--

INSERT INTO `used_product` (`useP_id`, `seller_id`, `name`, `category_room`, `category_product`, `amount`, `description`, `original_price`, `price`, `img`, `bought_in`, `created_at`, `updated_at`, `valid`) VALUES
(1, 1, 'Havbeg椅', 1, 2, 1, '商品完整，狀況良好', 7000, 1000, '{\"img1\":\"Havbeg.jpg\"}', 2012, '2022-11-04 15:12:56', '2022-11-14 23:02:12', 1),
(2, 2, 'Arlk桌', 1, 3, 1, '椅墊的回彈性和舒適感經得起日常使用，且耐用多年。', 8000, 2000, '{\"img1\":\"Arlk.jpg\"}', 2010, '2022-11-04 15:13:31', '0000-00-00 00:00:00', 1),
(3, 3, 'Bingsta椅', 1, 2, 1, '椅墊的回彈性和舒適感經得起日常使用，且耐用多年。', 8000, 2000, '{\"img1\":\"Bingsta.jpg\"}', 2008, '2022-11-04 15:16:04', '0000-00-00 00:00:00', 1),
(4, 4, 'Borgeby桌', 1, 3, 1, '商品完整，狀況良好', 7600, 1200, '{\"img1\":\"Borgeby.jpg\"}', 2006, '2022-11-04 15:17:27', '0000-00-00 00:00:00', 1),
(5, 5, 'Ekero椅', 3, 2, 1, '椅墊的回彈性和舒適感經得起日常使用，且耐用多年。', 7000, 5000, '{\"img1\":\"Ekero.jpg\"}', 2021, '2022-11-04 15:23:13', '0000-00-00 00:00:00', 1),
(6, 6, 'Gallnas椅', 1, 2, 1, '椅墊的回彈性和舒適感經得起日常使用，且耐用多年。', 10000, 7000, '{\"img1\":\"Gallnas.jpg\"}', 2016, '2022-11-04 15:23:48', '2022-11-14 23:01:33', 1),
(7, 7, 'Gistad椅', 1, 2, 1, '椅墊的回彈性和舒適感經得起日常使用，且耐用多年。', 12000, 6000, '{\"img1\":\"Gistad.jpg\"}', 2008, '2022-11-04 15:23:48', '0000-00-00 00:00:00', 1),
(8, 8, 'Glostad沙發', 1, 1, 1, '椅墊的回彈性和舒適感經得起日常使用，且耐用多年。', 13000, 6000, '{\"img1\":\"Glostad.jpg\"}', 2009, '2022-11-04 15:26:04', '0000-00-00 00:00:00', 1),
(9, 9, 'Hemnes桌', 1, 3, 1, '商品完整，狀況良好', 7600, 4000, '{\"img1\":\"Hemnes.jpg\"}', 2018, '2022-11-04 15:26:57', '0000-00-00 00:00:00', 1),
(10, 10, 'Hol桌', 1, 3, 1, '商品完整，狀況良好', 4600, 1000, '{\"img1\":\"Hol.jpg\"}', 2005, '2022-11-04 15:27:44', '2022-11-14 23:01:57', 1),
(11, 11, 'Kivik沙發', 1, 1, 1, '商品完整，狀況良好', 15000, 8000, '{\"img1\":\"Kivik.jpg\"}', 2020, '2022-11-04 15:28:29', '2022-11-14 23:01:50', 1),
(12, 12, 'Klippan沙發', 1, 1, 1, '商品完整，狀況良好', 13000, 10000, '{\"img1\":\"Klippan.jpg\"}', 2018, '2022-11-04 15:29:25', '0000-00-00 00:00:00', 1),
(13, 13, 'Landskrona沙發', 1, 1, 1, '商品完整，狀況良好', 13000, 7000, '{\"img1\":\"Landskrona.jpg\"}', 2017, '2022-11-04 15:30:07', '0000-00-00 00:00:00', 1),
(14, 14, 'Liatrop桌', 1, 3, 1, '商品完整，狀況良好', 7600, 2000, '{\"img1\":\"Liatrop.jpg\"}', 2007, '2022-11-04 15:30:46', '0000-00-00 00:00:00', 1),
(15, 15, 'Poang椅', 1, 2, 1, '椅墊的回彈性和舒適感經得起日常使用，且耐用多年。', 10000, 7000, '{\"img1\":\"Poang.jpg\"}', 2010, '2022-11-04 15:31:31', '0000-00-00 00:00:00', 1),
(16, 16, 'Remsta椅', 1, 2, 1, '椅墊的回彈性和舒適感經得起日常使用，且耐用多年。', 9000, 3000, '{\"img1\":\"Remsta.jpg\"}', 2005, '2022-11-04 15:32:41', '0000-00-00 00:00:00', 1),
(17, 17, 'Strandmon椅', 1, 2, 1, '椅墊的回彈性和舒適感經得起日常使用，且耐用多年。', 8000, 7000, '{\"img1\":\"Strandmon.jpg\"}', 2020, '2022-11-04 15:33:28', '0000-00-00 00:00:00', 1),
(18, 18, 'Vimle沙發', 1, 1, 1, '商品完整，狀況良好', 16000, 8000, '{\"img1\":\"Vimle.jpg\"}', 2015, '2022-11-04 15:34:11', '0000-00-00 00:00:00', 1),
(19, 19, 'Viskabacka椅', 1, 2, 1, '椅墊的回彈性和舒適感經得起日常使用，且耐用多年。', 13000, 11000, '{\"img1\":\"Viskabacka.jpg\"}', 2020, '2022-11-04 15:34:41', '0000-00-00 00:00:00', 1),
(20, 20, 'Vittsjo桌', 2, 3, 1, '商品完整，狀況良好', 10000, 8000, '{\"img1\":\"Vittsjo.jpg\"}', 2009, '2022-11-04 15:35:26', '0000-00-00 00:00:00', 1),
(22, 21, 'Norden桌', 2, 3, 1, '商品完整，狀況良好', 5000, 3000, '{\"img1\":\"Norden.jpg\"}', 2012, '2022-11-11 15:01:11', '2022-11-11 15:01:11', 1),
(23, 23, 'Barsviken桌', 2, 3, 1, '商品完整，狀況良好', 7600, 8000, '{\"img1\":\"Barsviken.jpg\"}', 2013, '2022-11-11 15:06:05', '2022-11-11 15:06:05', 1),
(24, 24, 'Kallhall桌', 2, 3, 1, '商品完整，狀況良好', 8000, 3000, '{\"img1\":\"Kallhall.jpg\"}', 2014, '2022-11-11 15:07:23', '2022-11-11 15:07:23', 1),
(25, 25, 'Danderyd桌 ', 2, 1, 1, '商品完整，狀況良好', 13000, 5000, '{\"img1\":\"Danderyd.jpg\"}', 2015, '2022-11-11 15:08:05', '2022-11-11 15:08:05', 1),
(26, 26, 'Ingatorp桌', 2, 3, 1, '商品完整，狀況良好', 8000, 4000, '{\"img1\":\"Ingatorp.jpg\"}', 2016, '2022-11-11 15:09:09', '2022-11-14 23:01:15', 1),
(27, 27, 'Friheten沙發', 2, 1, 1, '椅墊的回彈性和舒適感經得起日常使用，且耐用多年。', 13000, 10000, '{\"img1\":\"Friheten.jpg\"}', 2017, '2022-11-11 15:10:00', '2022-11-11 15:10:00', 1),
(28, 28, 'Vrestorp沙發', 2, 1, 1, '椅墊的回彈性和舒適感經得起日常使用，且耐用多年。', 14000, 6000, '{\"img1\":\"Vrestorp.jpg\"}', 2018, '2022-11-11 15:10:46', '2022-11-11 15:10:46', 1),
(29, 29, 'Ekolsund椅', 3, 2, 1, '椅墊的回彈性和舒適感經得起日常使用，且耐用多年。', 7600, 4000, '{\"img1\":\"Ekolsund.jpg\"}', 2016, '2022-11-11 15:12:37', '2022-11-11 15:12:37', 1),
(30, 30, 'Soderhamn椅', 3, 2, 1, '椅墊的回彈性和舒適感經得起日常使用，且耐用多年。', 13000, 8000, '{\"img1\":\"Soderhamn.jpg\"}', 2015, '2022-11-11 15:13:58', '2022-11-11 15:13:58', 1),
(31, 32, 'Stocksund椅', 3, 2, 1, '椅墊的回彈性和舒適感經得起日常使用，且耐用多年。', 10000, 4000, '{\"img1\":\"Stocksund.jpg\"}', 2014, '2022-11-11 15:14:58', '2022-11-11 15:14:58', 1),
(32, 33, 'Ekod椅', 3, 2, 1, '椅墊的回彈性和舒適感經得起日常使用，且耐用多年。', 13000, 4000, '{\"img1\":\"Ekod.jpg\"}', 2014, '2022-11-11 15:16:25', '2022-11-11 15:16:25', 1),
(33, 34, 'Viskafors椅', 3, 2, 1, '商品完整，狀況良好', 15000, 9000, '{\"img1\":\"Viskafors.jpg\"}', 2013, '2022-11-11 15:18:37', '2022-11-11 15:18:37', 1),
(34, 35, 'Tofteryd桌', 1, 2, 1, '商品完整，狀況良好', 7000, 3500, '{\"img1\":\"Tofteryd.jpg\"}', 2017, '2022-11-11 15:21:09', '2022-11-11 15:21:09', 1),
(35, 36, 'Ypperlig桌', 1, 2, 1, '商品完整，狀況良好', 8000, 5000, '{\"img1\":\"Ypperlig.jpg\n\"}', 2018, '2022-11-11 15:22:36', '2022-11-11 15:22:36', 1),
(36, 37, 'Lycksele沙發', 3, 1, 1, '商品完整，狀況良好', 7000, 5000, '{\"img1\":\"Lycksele.jpg\"}', 2020, '2022-11-11 15:25:29', '2022-11-11 15:25:29', 1),
(37, 38, 'Flottebo沙發', 3, 2, 1, '商品完整，狀況良好', 15000, 8000, '{\"img1\":\"Flottebo.jpg\"}', 2013, '2022-11-11 15:26:10', '2022-11-11 15:26:10', 1),
(38, 39, 'Holmsund沙發', 3, 2, 1, 'amazing\n商品完整，狀況良好', 10000, 6000, '{\"img1\":\"Holmsund.jpg\"}', 2014, '2022-11-11 15:28:10', '2022-11-14 17:58:45', 1),
(39, 40, 'Odensvik櫃', 4, 4, 1, '商品完整，狀況良好', 9000, 7000, '{\"img1\":\"Odensvik.jpg\"}', 2020, '2022-11-11 15:29:54', '2022-11-11 15:29:54', 1),
(40, 1, 'Godmorgon鏡', 4, 4, 1, '商品完整，狀況良好', 8000, 6000, '{\"img1\":\"Godmorgon.jpg\"}', 2021, '2022-11-11 15:31:22', '2022-11-11 15:31:22', 1),
(41, 40, 'Sandared凳', 3, 2, 1, '商品完整，狀況良好', 3000, 1000, '{\"img1\":\"Sandared.jpg\"}', 2020, '2022-11-14 22:54:03', '2022-11-14 22:54:03', 1);

-- --------------------------------------------------------

--
-- 資料表結構 `user`
--

CREATE TABLE `user` (
  `id` int(6) UNSIGNED NOT NULL,
  `account` varchar(20) COLLATE utf8mb4_unicode_ci NOT NULL,
  `password` varchar(255) COLLATE utf8mb4_unicode_ci NOT NULL,
  `name` varchar(30) COLLATE utf8mb4_unicode_ci NOT NULL,
  `phone` varchar(20) COLLATE utf8mb4_unicode_ci NOT NULL,
  `email` varchar(50) COLLATE utf8mb4_unicode_ci NOT NULL,
  `address` varchar(50) COLLATE utf8mb4_unicode_ci NOT NULL,
  `created_at` datetime NOT NULL,
  `last_modified` datetime DEFAULT NULL,
  `valid` tinyint(1) NOT NULL
) ENGINE=InnoDB DEFAULT CHARSET=utf8mb4 COLLATE=utf8mb4_unicode_ci;

--
-- 傾印資料表的資料 `user`
--

INSERT INTO `user` (`id`, `account`, `password`, `name`, `phone`, `email`, `address`, `created_at`, `last_modified`, `valid`) VALUES
(1, 'roger', 'cbfacf933e98b665a83b9279a3ed1c24', 'federer', '0900112233', 'roger@test.com', '台北市大安區復興南路三段20號5樓', '2022-10-20 15:07:40', '2022-11-04 14:39:38', 1),
(2, 'rafael', '09cd5ecc38427905d94e515a4c4683c3', 'nadal', '0911223344', 'rafael@test.com', '台北市中正區延吉街二段25號', '2022-10-20 18:37:40', '2022-11-04 14:40:05', 0),
(3, 'andy', '460ae233396f19d62ad4635e60aeded6', 'murray', '0922334455', 'andy@test.com', '新北市永和區永貞路三段91號2樓', '2022-10-22 11:12:10', '2022-11-04 14:40:25', 1),
(4, 'novak', '9b759219245db69d62224e83a2599d41', 'djokovic', '0933445566', 'novak@test.com', '新北市土城區中和街13號', '2022-10-24 03:02:33', '2022-11-04 14:40:42', 1),
(5, 'jessica', 'e8a6489d3717fb84e563541fa7daa01e', 'jones', '0944556677', 'jessica@test.com', '桃園市中壢區新生路一段9號6樓', '2022-10-25 16:13:26', '2022-11-04 14:40:56', 1),
(6, 'harry', '825c55c388cbe849cce29f6754a76d56', 'potter', '0955667788', 'harry@test.com', '桃園市桃園區成功路51號', '2022-10-26 15:54:01', '2022-11-04 14:41:11', 0),
(7, 'ronny', '1a6c1d7bd1dd0ee0d37635f7bba6272e', 'weasley', '0966778899', 'ronny@test.com', '台中市大雅路8號', '2022-10-27 08:21:50', '2022-11-04 14:41:39', 0),
(8, 'taylor', '174925c0da444ef707f66689045d62b3', 'fritz', '0977889900', 'taylor@test.com', '台中市公園路二段3號5樓', '2022-10-28 22:11:58', '2022-11-04 14:41:52', 1),
(9, 'serena', 'f975a876bfcdc228ebf4b84a554e8d26', 'williams', '0912341234', 'serena@test.com', '台南市中正北路三段108號4樓', '2022-10-29 00:25:07', '2022-11-04 14:42:05', 1),
(10, 'sebastian', 'f9636fec99b0320ce92eed9cf7b77533', 'korda', '0923452345', 'sebastian@test.com', '台南市公學路20號', '2022-11-01 16:25:07', '2022-11-04 14:42:19', 1),
(11, 'coco', '0c936e852d6d430e610963fda7bc1b1e', 'gauff', '0912345678', 'coco@test.com', '台北市大安區溫州街29巷3號', '2022-11-04 14:44:50', '2022-11-04 14:44:50', 1),
(12, 'anne', 'e6a02592c36ec3e8283b256515c65e91', 'hathaway', '0923456789', 'anne@test.com', '台北市信義區信義路二段5號7樓', '2022-11-04 14:46:26', '2022-11-04 14:55:58', 1),
(13, 'miley', '96afb0d751478916eea9d016017c70d7', 'cyrus', '0934567890', 'miley@test.com', '新北市土城區金城路一段88號', '2022-11-04 14:47:31', '2022-11-04 14:47:31', 1),
(14, 'catherine', '306a7f5e1709977c5eeb6765d4274ed5', 'lanford', '0945678901', 'catherine@test.com', '新北市汐止區瑞松街1號', '2022-11-04 14:49:16', '2022-11-04 14:49:16', 1),
(15, 'clay', '5bebaa3d9b23295d85e9b20f0051f20b', 'jenson', '0956789012', 'clay@test.com', '台中市綠川西街20號2樓', '2022-11-04 14:50:06', '2022-11-04 14:50:06', 1),
(16, 'lisa', '1fd24441ac59c08bb31366eb63e38f81', 'raymond', '0967890123', 'lisa@test.com', '台中市梅川東路五段33號', '2022-11-04 14:51:18', '2022-11-04 14:51:18', 1),
(17, 'claire', 'f92ff6bdc66101bbe67461cd3bdd23b2', 'liu', '0978901234', 'claire@test.com', '台南市永大路16號', '2022-11-04 14:52:32', '2022-11-04 14:52:32', 1),
(18, 'richard', '3bb1392c50cefa2df0b6c03c164df0d4', 'huang', '0989012345', 'richard@test.com', '台南市崇德路二段133號', '2022-11-04 14:53:25', '2022-11-04 14:53:25', 1),
(19, 'diana', '4802bd6fdb33697f2929f36200f20a38', 'hsiao', '0990123456', 'diana@test.com', '桃園市公六街13號3樓', '2022-11-04 14:54:22', '2022-11-04 14:54:22', 1),
(20, 'linda', 'e3e35688168bb6c9dcc8e6c9d5e513eb', 'lin', '0901234567', 'linda@test.com', '桃園市勇一街11號', '2022-11-04 14:55:21', '2022-11-04 14:55:21', 1),
(21, 'caroline', '6fb42da0e32e07b61c9f0251fe627a9c', 'hung', '0987654321', 'caroline@test.com', '台北市南港區研究院路二段17號', '2022-11-07 09:33:24', '2022-11-07 09:33:24', 1),
(22, 'wayne', '7056227c436d941e40c9b9416293707f', 'lee', '0976543218', 'wayne@test.com', '新北市中和區中正路五段236號', '2022-11-07 09:34:44', '2022-11-07 09:34:44', 1),
(23, 'vivian', 'e1bc59f40ced4963353028f9a9734a72', 'tzeng', '0965432187', 'vivian@test.com', '台中市復興路29號', '2022-11-07 09:35:52', '2022-11-07 09:35:52', 1),
(24, 'sabrina', 'cd8cd07cfc031e5290dbf788f325466e', 'chang', '0954321876', 'sabrina@test.com', '桃園市力行路一段97號3樓', '2022-11-07 09:37:30', '2022-11-07 09:37:30', 1),
(25, 'donald', '4a60f739bb599ee220b2a7540ea1a25a', 'tang', '0943218765', 'donald@test.com', '台南市中山路55號5樓', '2022-11-07 09:39:10', '2022-11-07 09:39:10', 1),
(26, 'bianca', 'd428aa564e825a4d6b4239335bb85b12', 'golden', '0932187654', 'bianca@test.com', '台北市內湖區明水路3巷78號', '2022-11-10 14:47:00', '2022-11-10 14:47:00', 1),
(27, 'whitney', 'fa64081b689abce436dd92985bf5f7ce', 'wang', '0921876543', 'whitney@test.com', '新北市鶯歌區博館路6號', '2022-11-10 14:48:14', '2022-11-10 14:48:14', 1),
(28, 'naima', '6c65cb7ce3c16ae701c506158ad12a33', 'chung', '0918765432', 'naima@test.com', '台中市進化北路一段18號3樓', '2022-11-10 14:49:32', '2022-11-10 14:49:32', 1),
(29, 'laura', '6e7805ec7c1fa2be923f6db86e8abab1', 'lin', '0913572468', 'laura@test.com', '台中市中清路13巷8號2樓', '2022-11-10 14:51:03', '2022-11-10 14:51:03', 1),
(30, 'amanda', '7686eeaabf2c93c74cb5d33d7ba1b542', 'pan', '0935712468', 'amanda@test.com', '台南市安平路五段5號5樓', '2022-11-10 14:52:35', '2022-11-10 14:52:35', 1),
(31, 'sophie', '14b9983a1b05bba971b17c8fd1b5337d', 'tsai', '0957132468', 'sophie@test.com', '台南市長榮路16巷2號5樓', '2022-11-10 14:53:36', '2022-11-10 14:53:36', 1),
(32, 'nicole', 'd6bf10a32a23d75431a10600a2c54d52', 'liu', '0971352468', 'nicole@test.com', '高雄市逢甲路三段18巷9號6樓', '2022-11-10 14:55:24', '2022-11-10 14:55:24', 1),
(33, 'shannon', 'a8ed475b923889ba3dd75c40f9f41fab', 'kuo', '0913574682', 'shannon@test.com', '台北市北投區立農街三段154號', '2022-11-10 14:56:22', '2022-11-10 14:56:22', 1),
(34, 'rebecca', '88fe90ae00511480158de8c54b77befc', 'jiang', '0913576824', 'rebecca@test.com', '新北市新莊區忠孝街二段57號', '2022-11-10 14:58:01', '2022-11-10 14:58:01', 1),
(35, 'brittany', '9e07cb849c401d7107dcd265761b1664', 'yu', '0913578246', 'brittany@test.com', '高雄市七賢路18巷67號2樓', '2022-11-10 15:04:12', '2022-11-10 15:04:12', 1),
(36, 'samantha', 'bc0f561aa2882b213cb799a424c68162', 'fang', '0912344321', 'samantha@test.com', '台北市中山區南京西路一段49號', '2022-11-10 15:07:33', '2022-11-10 15:07:33', 1),
(37, 'jack', 'a0e4d5543114ea60a8ced5f7178f8cb6', 'yang', '0923455432', 'jack@test.com', '高雄市義大路四段63號4樓', '2022-11-10 15:10:48', '2022-11-10 15:10:48', 1),
(38, 'henry', 'a49588e309ef51c4848405f8febec9c0', 'jung', '0934566543', 'henry@test.com', '台中市公益路三段84號9樓', '2022-11-10 15:11:41', '2022-11-10 15:11:41', 1),
(39, 'paul', '1e2fff9247a430e4dc124c4792dabff2', 'chou', '0945677654', 'paul@test.com', '台南市北安路11號5樓', '2022-11-10 15:12:43', '2022-11-10 15:12:43', 1),
(40, 'erin', '612ff66d08a3ef75aebe6d137da06dee', 'kao', '0956788765', 'erin@test.com', '新北市新店區桃李一路163號', '2022-11-10 15:13:42', '2022-11-10 15:13:42', 1);

-- --------------------------------------------------------

--
-- 資料表結構 `user_rating`
--

CREATE TABLE `user_rating` (
  `ratU_id` int(3) UNSIGNED NOT NULL,
  `product_id` int(6) NOT NULL,
  `rater` int(6) NOT NULL,
  `star` int(1) NOT NULL,
  `comment` varchar(225) NOT NULL,
  `posted_at` datetime DEFAULT NULL
) ENGINE=InnoDB DEFAULT CHARSET=utf8mb4;

--
-- 已傾印資料表的索引
--

--
-- 資料表索引 `cart`
--
ALTER TABLE `cart`
  ADD PRIMARY KEY (`cart_id`);

--
-- 資料表索引 `cart_used`
--
ALTER TABLE `cart_used`
  ADD PRIMARY KEY (`cart_used_id`);

--
-- 資料表索引 `category_product`
--
ALTER TABLE `category_product`
  ADD PRIMARY KEY (`id`);

--
-- 資料表索引 `category_room`
--
ALTER TABLE `category_room`
  ADD PRIMARY KEY (`id`);

--
-- 資料表索引 `chat_room`
--
ALTER TABLE `chat_room`
  ADD PRIMARY KEY (`chat_id`);

--
-- 資料表索引 `coupon`
--
ALTER TABLE `coupon`
  ADD PRIMARY KEY (`coup_id`);

--
-- 資料表索引 `coupons`
--
ALTER TABLE `coupons`
  ADD PRIMARY KEY (`id`);

--
-- 資料表索引 `inspiration`
--
ALTER TABLE `inspiration`
  ADD PRIMARY KEY (`insp_id`);

--
-- 資料表索引 `manager`
--
ALTER TABLE `manager`
  ADD PRIMARY KEY (`id`);

--
-- 資料表索引 `order_detail`
--
ALTER TABLE `order_detail`
  ADD PRIMARY KEY (`id`);

--
-- 資料表索引 `order_list`
--
ALTER TABLE `order_list`
  ADD PRIMARY KEY (`id`);

--
-- 資料表索引 `product`
--
ALTER TABLE `product`
  ADD PRIMARY KEY (`id`);

--
-- 資料表索引 `rating`
--
ALTER TABLE `rating`
  ADD PRIMARY KEY (`id`);

--
-- 資料表索引 `used_product`
--
ALTER TABLE `used_product`
  ADD PRIMARY KEY (`useP_id`);

--
-- 資料表索引 `user`
--
ALTER TABLE `user`
  ADD PRIMARY KEY (`id`);

--
-- 資料表索引 `user_rating`
--
ALTER TABLE `user_rating`
  ADD PRIMARY KEY (`ratU_id`);

--
-- 在傾印的資料表使用自動遞增(AUTO_INCREMENT)
--

--
-- 使用資料表自動遞增(AUTO_INCREMENT) `cart`
--
ALTER TABLE `cart`
  MODIFY `cart_id` int(6) UNSIGNED NOT NULL AUTO_INCREMENT;

--
-- 使用資料表自動遞增(AUTO_INCREMENT) `cart_used`
--
ALTER TABLE `cart_used`
  MODIFY `cart_used_id` int(6) UNSIGNED NOT NULL AUTO_INCREMENT;

--
-- 使用資料表自動遞增(AUTO_INCREMENT) `category_product`
--
ALTER TABLE `category_product`
  MODIFY `id` int(3) UNSIGNED NOT NULL AUTO_INCREMENT, AUTO_INCREMENT=11;

--
-- 使用資料表自動遞增(AUTO_INCREMENT) `category_room`
--
ALTER TABLE `category_room`
  MODIFY `id` int(3) UNSIGNED NOT NULL AUTO_INCREMENT, AUTO_INCREMENT=8;

--
-- 使用資料表自動遞增(AUTO_INCREMENT) `coupons`
--
ALTER TABLE `coupons`
  MODIFY `id` int(3) UNSIGNED NOT NULL AUTO_INCREMENT, AUTO_INCREMENT=14;

--
-- 使用資料表自動遞增(AUTO_INCREMENT) `manager`
--
ALTER TABLE `manager`
  MODIFY `id` int(3) UNSIGNED NOT NULL AUTO_INCREMENT, AUTO_INCREMENT=2;

--
-- 使用資料表自動遞增(AUTO_INCREMENT) `order_detail`
--
ALTER TABLE `order_detail`
  MODIFY `id` int(6) NOT NULL AUTO_INCREMENT, AUTO_INCREMENT=56;

--
-- 使用資料表自動遞增(AUTO_INCREMENT) `order_list`
--
ALTER TABLE `order_list`
  MODIFY `id` int(6) NOT NULL AUTO_INCREMENT, AUTO_INCREMENT=27;

--
-- 使用資料表自動遞增(AUTO_INCREMENT) `product`
--
ALTER TABLE `product`
  MODIFY `id` int(5) UNSIGNED NOT NULL AUTO_INCREMENT, AUTO_INCREMENT=213;

--
-- 使用資料表自動遞增(AUTO_INCREMENT) `rating`
--
ALTER TABLE `rating`
  MODIFY `id` int(3) NOT NULL AUTO_INCREMENT, AUTO_INCREMENT=31;

--
-- 使用資料表自動遞增(AUTO_INCREMENT) `user`
--
ALTER TABLE `user`
  MODIFY `id` int(6) UNSIGNED NOT NULL AUTO_INCREMENT, AUTO_INCREMENT=41;
COMMIT;

/*!40101 SET CHARACTER_SET_CLIENT=@OLD_CHARACTER_SET_CLIENT */;
/*!40101 SET CHARACTER_SET_RESULTS=@OLD_CHARACTER_SET_RESULTS */;
/*!40101 SET COLLATION_CONNECTION=@OLD_COLLATION_CONNECTION */;
